Workbook

Sheet AR_Data
A1: Customer Name | B1: Customer Email | C1: Document Number | D1: Invoice Amount | E1: Issue Date | F1: Due Date | G1: Aging Days | H1: Aging Bucket
A2: Cedar Packaging Holdings | B2: ar@cedarpackagingholdings.example.com | C2: INV-2026-10001 | D2: 8609 | E2: 45986 | F2: 46040 | G2: =IF(Controls!$B$2>F2,Controls!$B$2-F2,0) -> 66 | H2: =IF(G2<=30,"0-30",IF(G2<=60,"31-60","60+")) -> 60+
A3: Delta Pharma Holdings | B3: ar@deltapharmaholdings.example.com | C3: INV-2026-10002 | D3: 8764.17 | E3: 46128 | F3: 46148 | G3: =IF(Controls!$B$2>F3,Controls!$B$2-F3,0) -> 0 | H3: =IF(G3<=30,"0-30",IF(G3<=60,"31-60","60+")) -> 0-30
A4: Lumen Pharma Ltd | B4: ar@lumenpharmaltd.example.com | C4: INV-2026-10003 | D4: 19612 | E4: 46074 | F4: 46119 | G4: =IF(Controls!$B$2>F4,Controls!$B$2-F4,0) -> 0 | H4: =IF(G4<=30,"0-30",IF(G4<=60,"31-60","60+")) -> 0-30
A5: Delta Supplies LLC | B5: ar@deltasuppliesllc.example.com | C5: INV-2026-10004 | D5: 8479.8 | E5: 45963 | F5: 46003 | G5: =IF(Controls!$B$2>F5,Controls!$B$2-F5,0) -> 103 | H5: =IF(G5<=30,"0-30",IF(G5<=60,"31-60","60+")) -> 60+
A6: Blue Motors LLC | B6: ar@bluemotorsllc.example.com | C6: INV-2026-10005 | D6: 4457.59 | E6: 46073 | F6: 46089 | G6: =IF(Controls!$B$2>F6,Controls!$B$2-F6,0) -> 17 | H6: =IF(G6<=30,"0-30",IF(G6<=60,"31-60","60+")) -> 0-30
A7: Everest Packaging Co. | B7: ar@everestpackagingco.example.com | C7: INV-2026-10006 | D7: 3867.81 | E7: 46100 | F7: 46145 | G7: =IF(Controls!$B$2>F7,Controls!$B$2-F7,0) -> 0 | H7: =IF(G7<=30,"0-30",IF(G7<=60,"31-60","60+")) -> 0-30
A8: Everest Motors Pvt Ltd | B8: ar@everestmotorspvtltd.example.com | C8: INV-2026-10007 | D8: 13820.07 | E8: 46099 | F8: 46114 | G8: =IF(Controls!$B$2>F8,Controls!$B$2-F8,0) -> 0 | H8: =IF(G8<=30,"0-30",IF(G8<=60,"31-60","60+")) -> 0-30
A9: Summit Builders Inc | B9: ar@summitbuildersinc.example.com | C9: INV-2026-10008 | D9: 23357.21 | E9: 46019 | F9: 46046 | G9: =IF(Controls!$B$2>F9,Controls!$B$2-F9,0) -> 60 | H9: =IF(G9<=30,"0-30",IF(G9<=60,"31-60","60+")) -> 31-60
A10: Keystone Health Holdings | B10: ar@keystonehealthholdings.example.com | C10: CRD-2026-10009 | D10: 5516.3 | E10: 46022 | F10: 46052 | G10: =IF(Controls!$B$2>F10,Controls!$B$2-F10,0) -> 54 | H10: =IF(G10<=30,"0-30",IF(G10<=60,"31-60","60+")) -> 31-60
A11: Lumen Retail LLC | B11: ar@lumenretailllc.example.com | C11: INV-2026-10010 | D11: 13722.73 | E11: 46082 | F11: 46100 | G11: =IF(Controls!$B$2>F11,Controls!$B$2-F11,0) -> 6 | H11: =IF(G11<=30,"0-30",IF(G11<=60,"31-60","60+")) -> 0-30
A12: Acorn Labs Inc | B12: ar@acornlabsinc.example.com | C12: INV-2026-10011 | D12: 16646.25 | E12: 46099 | F12: 46140 | G12: =IF(Controls!$B$2>F12,Controls!$B$2-F12,0) -> 0 | H12: =IF(G12<=30,"0-30",IF(G12<=60,"31-60","60+")) -> 0-30
A13: Delta Supplies Group | B13: ar@deltasuppliesgroup.example.com | C13: INV-2026-10012 | D13: 4007.95 | E13: 46035 | F13: 46051 | G13: =IF(Controls!$B$2>F13,Controls!$B$2-F13,0) -> 55 | H13: =IF(G13<=30,"0-30",IF(G13<=60,"31-60","60+")) -> 31-60
... A301: Golden Trading Co. | B301: ar@goldentradingco.example.com | C301: INV-2026-10300 | D301: 10038.52 | E301: 45998 | F301: 46026 | G301: =IF(Controls!$B$2>F301,Controls!$B$2-F301,0) -> 80 | H301: =IF(G301<=30,"0-30",IF(G301<=60,"31-60","60+")) -> 60+

Sheet Controls
A1: Parameter | B1: Value
A2: As Of Date | B2: 46106
A4: Notes | B4: Synthetic customer AR dataset for POC testing.
